NAME,LATITUDE,LONGITUDE,CATEGORY,ADDRESS,CITY,PROVINCE,RATING,REVIEWS,NEARBY_MOSQUES,NEARBY_TOILETS,NEARBY_HALAL_FOOD,NEARBY_UMKM,NEARBY_LODGING,MOSQUE_SAMPLES,FOOD_SAMPLES,UMKM_SAMPLES,SOURCE,VENDOR_ID,STATUS
"Wisata Alam Arga Hot Springs Desa Wisata Sundakerta",-7.2149775,108.1031901,"tourist_attraction","Sundakerta, Sukahening, Tasikmalaya Regency, West Java 46155, Indonesia","West Java 46155","Tasikmalaya Regency",4.6,642,1,0,0,0,1,"Mushola An Nur","","","google","ChIJ3czST1hNby4RLRcH5sWhwXg","PENDING"
"Wisata Alam Cipatuh",-7.2057076,108.0734563,"tourist_attraction","Q3VF+P98, Sundakerta, Sukahening, Tasikmalaya Regency, West Java 46155, Indonesia","West Java 46155","Tasikmalaya Regency",4.5,136,0,0,0,0,0,"","","","google","ChIJI_jsVdBNby4RODUujfKlz0E","PENDING"
"Wisata Alam Jabal Nur hotspring",-7.2189574,108.1115682,"tourist_attraction","Q4J6+CJ8, Sukasetia, Cisayong, Tasikmalaya Regency, West Java 46153, Indonesia","West Java 46153","Tasikmalaya Regency",4.3,442,0,0,0,0,1,"","","","google","ChIJuZfpG6VNby4R36Xag7gDN_4","PENDING"
"Taman Wisata Karang Resik",-7.3114939,108.2392919,"tourist_attraction","Jl. Mohamad Hatta, Sukamanah, Kec. Cipedes, Kab. Tasikmalaya, Jawa Barat 46131, Indonesia","Jawa Barat 46131","Kab. Tasikmalaya",4.3,9291,1,0,3,0,20,"Masjid Al Abror- Sukagalih","Ngeumi Sukamanah; Adu Manis; Rumah Makan KOTO BARu (Masakan Padang)","","google","ChIJbUJp3ABaby4R-JbNrl7GN8o","PENDING"
"Curug Ciparay Tasikmalaya",-7.2762248,108.0317206,"tourist_attraction","Cigalontang, Jl, Cidugaleun, Kec. Sariwangi, Kabupaten Tasikmalaya, Jawa Barat 46463, Indonesia","Jawa Barat 46463","Kabupaten Tasikmalaya",4.6,779,0,0,0,0,0,"","","","google","ChIJzz8-hCStaC4RV4psNgwr-20","PENDING"
"Bukit Panyangrayan",-7.447399599999999,108.178224,"tourist_attraction","Kp.Pramuka Sadaukir kapunduhan barumekar, Sukapura, Kec. Sukaraja, Kabupaten Tasikmalaya, Jawa Barat 46183, Indonesia","Jawa Barat 46183","Kabupaten Tasikmalaya",4.6,779,0,0,0,0,0,"","","","google","ChIJC1Cm-ef5ZS4RwUQvcEqr0ro","PENDING"
"Pasir Pataya",-7.3622903,108.2772321,"tourist_attraction","J7RG+7VV, Ciakar, Cibeureum, Tasikmalaya Regency, West Java 46196, Indonesia","West Java 46196","Tasikmalaya Regency",4.3,627,4,0,1,0,10,"MESJID DKM AL-IKHLAS Ciakar Wuluh; Masjid Al-Hikmah; Mushola Al ikhlas","Saung Kai 3","","google","ChIJqdnDdy1Zby4RZCiZmdThMZc","PENDING"
"Wisata Alam Kampung Nusa dan Ziarah Kh. TB Abdullah",-7.3181688,108.2530121,"tourist_attraction","Jl. KH Tubagus Abdullah Sukabetah RW 06, Sukaasih, Kec. Purbaratu, Kab. Tasikmalaya, Jawa Barat 46196, Indonesia","Jawa Barat 46196","Kab. Tasikmalaya",4.6,5,0,0,2,0,20,"","Abood Kebuli & Cafe Amazing; Usus Sultan JB","","google","ChIJa571NglZby4RETXgqe08WxE","PENDING"
"Wisata Alam Pasir Kirisik",-7.1043091,108.2014696,"tourist_attraction","Guranteng, Pagerageung, Tasikmalaya Regency, West Java 46158, Indonesia","West Java 46158","Tasikmalaya Regency",4.2,1668,0,0,0,0,4,"","","","google","ChIJ9b1kvlBIby4Ri5bbJjiEz38","PENDING"
"Wisata Alam Batu Mahpar Galunggung",-7.303838999999999,108.065394,"tourist_attraction","Sukamulih, Sariwangi, Tasikmalaya Regency, West Java 46465, Indonesia","West Java 46465","Tasikmalaya Regency",4.3,1506,1,0,0,0,1,"Mushola Al Ma'arif japaleng","","","google","ChIJiTzHNUdTby4RNG0Caa5cXMk","PENDING"
"Wisata Alam Pakusila",-7.4563576,108.2040889,"tourist_attraction","G6V3+FJ4, Kp nangela, RT.03/RW.01, Neglasari, Kec. Jatiwaras, Kabupaten Tasikmalaya, Jawa Barat 46185, Indonesia","Jawa Barat 46185","Kabupaten Tasikmalaya",4.5,4,0,0,1,0,0,"","LAZATTO Chicken & Burger.","","google","ChIJjxCWRPT5ZS4RTSRh_FMRBwE","PENDING"
"Kebun Teh Taraju",-7.466728900000001,107.9477703,"tourist_attraction","GWMX+842, Jalan Raya, Bojonggambir, Banyuasih, Kec. Taraju, Kabupaten Tasikmalaya, Jawa Barat 44173, Indonesia","Jawa Barat 44173","Kabupaten Tasikmalaya",4.6,204,0,0,0,0,1,"","","","google","ChIJUQCF2gADZi4RMCgSi--EivQ","PENDING"
"Pantai Karang Tawulan",-7.813352,108.2997572,"tourist_attraction","57PX+MW2, Cimanuk, Kalapagenep, Kec. Cikalong, Kabupaten Tasikmalaya, Jawa Barat 46195, Indonesia","Jawa Barat 46195","Kabupaten Tasikmalaya",4.6,4060,0,0,0,0,0,"","","","google","ChIJm_9lqXfEZS4R74i0TVJ-v-E","PENDING"
"Situ Gede Attractions",-7.3376534,108.1904753,"tourist_attraction","Jl. Situ Gede, Linggajaya, Kec. Mangkubumi, Kab. Tasikmalaya, Jawa Barat 46181, Indonesia","Jawa Barat 46181","Kab. Tasikmalaya",4.4,1742,3,0,3,0,20,"Mesjid Al-Amaliah; Masjid Al-Anhar; Mesjid","Andalusia; Warung Nasi Bruk Brak; SAUNG ANGKRING SITUGEDE","","google","ChIJDV8XDCBXby4R_QqZgsJwRw8","PENDING"
"Badak & Batu Hanoman Waterfall",-7.2156796,108.1031597,"tourist_attraction","Sukasetia, Cisayong, Tasikmalaya Regency, West Java 42056, Indonesia","West Java 42056","Tasikmalaya Regency",4.4,1806,1,0,0,0,1,"Mushola An Nur","","","google","ChIJQUCNCKJNby4RPB6AkXCPT1E","PENDING"
"Curug Batu Blek",-7.2374651,108.0997114,"tourist_attraction","Q37X+2V8, Sukamukti, Cisayong, Tasikmalaya Regency, West Java 46153, Indonesia","West Java 46153","Tasikmalaya Regency",4.5,351,0,0,0,0,2,"","","","google","ChIJkznFmhNSby4RSZboFnnPZ0c","PENDING"
"HIGH ROPE Karang Resik",-7.3123651,108.2413025,"tourist_attraction","M6QR+3G3, Sukamanah, Cipedes, Tasikmalaya Regency, West Java 46131, Indonesia","West Java 46131","Tasikmalaya Regency",4.2,54,1,1,1,0,20,"Masjid Al Abror- Sukagalih","Adu Manis","","google","ChIJ4cndGgFaby4Rb1SwwyvYfhs","PENDING"
"Wisata Alam Pinus Ciherang (Curug Ciherang)",-7.222215899999999,108.1080061,"tourist_attraction","Q4H5+466, Sukamukti, Cisayong, Tasikmalaya Regency, West Java 46153, Indonesia","West Java 46153","Tasikmalaya Regency",4.4,244,0,0,0,0,1,"","","","google","ChIJv-rG0KxNby4RpN2lfCJV3z4","PENDING"
"Tonjong Canyon",-7.6692814,108.0321469,"tourist_attraction","Nagrog, RT.1/RW.1, Tanjungsari, Kec. Cipatujah, Kabupaten Tasikmalaya, Jawa Barat 46189, Indonesia","Jawa Barat 46189","Kabupaten Tasikmalaya",4.5,45,0,0,0,0,2,"","","","google","ChIJZxycYtsLZi4RNX7u5KdHEcE","PENDING"
"Curug Panetean",-7.7466968,108.2657019,"tourist_attraction","Pangliaran, Pancatengah, Tasikmalaya Regency, West Java 46194, Indonesia","West Java 46194","Tasikmalaya Regency",4.6,368,1,0,0,0,0,"Mushola","","","google","ChIJ-3qLtxLDZS4ReWvy0Za2Gh8","PENDING"
"Bukit Kacapi",-7.321162299999999,107.9620373,"tourist_attraction","Tanjungkarang, Cigalontang, Tasikmalaya Regency, West Java 46463, Indonesia","West Java 46463","Tasikmalaya Regency",4.3,862,0,0,0,0,0,"","","","google","ChIJR9UwMwSsaC4RfBbM-Xhp6YY","PENDING"
"Wisata Alam Pasir Mudik",-7.378934200000001,108.2842762,"tourist_attraction","Kp, J7CM+CPC, Jl. Sukamulya desa, Cibeber, Kec. Manonjaya, Kabupaten Tasikmalaya, Jawa Barat 46197, Indonesia","Jawa Barat 46197","Kabupaten Tasikmalaya",0,0,0,0,0,0,3,"","","","google","ChIJS-JPXyJZby4Rub5jrHSJR7c","PENDING"
"Gado Bangkong Waterfall",-7.2490592,108.1125059,"tourist_attraction","Q427+92C, Santanamekar, Cisayong, Tasikmalaya Regency, West Java 46153, Indonesia","West Java 46153","Tasikmalaya Regency",4.4,283,1,0,0,0,2,"Mushola Al-Ikhlas","","","google","ChIJVVVVVXJSby4RmoNI_h-Tgcg","PENDING"
"Bukit Garuda Ngupuk",-7.420452099999999,108.1799423,"tourist_attraction","H5HH+RX8, Tarunajaya, Sukaraja, Tasikmalaya Regency, West Java 46183, Indonesia","West Java 46183","Tasikmalaya Regency",4.5,87,1,0,0,0,0,"Mesjid Cimanggu Babakan","","","google","ChIJb-gC06n5ZS4RYDoYWb-y480","PENDING"
"Kampung Wisata Babakan Sanca",-7.289221999999999,108.20589,"umkm","Unnamed Road, Sirnagalih, Kec. Indihiang, Kab. Tasikmalaya, Jawa Barat 46151, Indonesia","Jawa Barat 46151","Kab. Tasikmalaya",4.4,42,2,0,5,0,20,"Masjid As-Sa'id; Masjid Arohman Cibeurih","Rumah Makan Saung Ranggon; Bakmie 76; PISANG PASIR ENDES (PISPAS ENDES)","","google","ChIJc7r_kiJRby4RvR-RZqrp0H8","PENDING"
"Bukit Nangela",-7.422964599999998,108.2154678,"tourist_attraction","Urug, Kawalu, Tasikmalaya Regency, West Java 46182, Indonesia","West Java 46182","Tasikmalaya Regency",4.3,42,0,0,0,0,0,"","","","google","ChIJsRU9uyn5ZS4RpT7XSewXL7I","PENDING"
"Saung ciakar",-7.360788299999999,108.2735283,"tourist_attraction","J7QF+PMR, Ciakar, Cibeureum, Tasikmalaya Regency, West Java 46196, Indonesia","West Java 46196","Tasikmalaya Regency",4.3,41,1,0,1,0,14,"Masjid Al-Anwar Ciherang","Saung Kai 3","","google","ChIJH2fZ161Zby4R0C3wNX_kOQ0","PENDING"
"Kampung Wisata Cigede Setiarasa",-7.3109481,108.1998371,"tourist_attraction","Belakang Samsat, Jl. Setiarasa, Sukamulya, Kec. Bungursari, Kab. Tasikmalaya, Jawa Barat 46151, Indonesia","Jawa Barat 46151","Kab. Tasikmalaya",4.8,10,3,4,4,1,20,"Masjid Jami Saleh Hasanah; Masjid Baitul Jannah; Masjid An-Nur","D'NOXIS FOOD COURT; Rumah Makan Saung Ranggon; SOTO KHAS BETAWI IBU SITI","PUSAT BORDIR TASIKMALAYA","google","ChIJixA3D8dRby4R9lJj32-nYew","PENDING"
"Mount Galunggung",-7.2572783,108.0802355,"tourist_attraction","P3VJ+33Q, Jl. Ke Kawah, Linggajati, Kec. Sukaratu, Kabupaten Tasikmalaya, Jawa Barat 46415, Indonesia","Jawa Barat 46415","Kabupaten Tasikmalaya",4.6,1757,1,0,0,0,1,"Mushola Kawah Galunggung","","","google","ChIJF12us5NSby4RyoCREyngXVQ","PENDING"
"Curug Dengdeng",-7.6417968,108.3236802,"tourist_attraction","985F+7FM, Cikatomas, Tawang, Kec. Pancatengah, Kabupaten Tasikmalaya, Jawa Barat 46194, Indonesia","Jawa Barat 46194","Kabupaten Tasikmalaya",4.3,966,0,0,1,0,0,"","Saung Lesehan Cudeng Pass Kang Asep","","google","ChIJcZbpHa3uZS4RWsOH42wds3k","PENDING"
"SWARA ALAM TASIKMALAYA",-7.356886599999999,108.2590661,"tourist_attraction","Jl. Cilendek No.212, Kotabaru, Kec. Cibeureum, Kab. Tasikmalaya, Jawa Barat 46196, Indonesia","Jawa Barat 46196","Kab. Tasikmalaya",5,2,3,0,3,1,20,"Masjid As Salam; Masjid Ar Rohmat; masjid","Sate Putra Condong (Mambo kuliner Nite)); Saung Kai 3; Warung Nasi Bronco","CV. MENDONG JAYA","google","ChIJ632iBgBZby4Ro7gG9F7BfL8","PENDING"
"Curug Pamutuh",-7.292684800000001,108.0841844,"tourist_attraction","P34M+WMF, Cigadog, Leuwisari, Tasikmalaya Regency, West Java 46464, Indonesia","West Java 46464","Tasikmalaya Regency",4.5,175,0,0,0,0,2,"","","","google","ChIJ6-Xt3A9Tby4RoeL0F-fsXkQ","PENDING"
"Mangkubumi Recration and Water Park",-7.345650200000001,108.1857252,"tourist_attraction","Jl. AH Nasution No.Km 7, Mangkubumi, Kec. Mangkubumi, Kab. Tasikmalaya, Jawa Barat 46418, Indonesia","Jawa Barat 46418","Kab. Tasikmalaya",4.5,1607,1,0,7,0,20,"Mesjid","Bale Balong Mangkubumi; Warung Nasi Teh Yeyet; Andalusia","","google","ChIJlfPDzuVWby4R7vSSIseIzLc","PENDING"
"Galunggung Great Waterfall",-7.2626502,108.0795244,"tourist_attraction","P3PH+WRJ, Jl. Ke Kawah, Linggajati, Kec. Sukaratu, Kabupaten Tasikmalaya, Jawa Barat 46415, Indonesia","Jawa Barat 46415","Kabupaten Tasikmalaya",4.5,891,1,0,0,0,1,"Mushola Kawah Galunggung","","","google","ChIJnbkB9OxSby4RxpscMHPKXkk","PENDING"
"Pasir Datar Galunggung",-7.2545697,108.093311,"tourist_attraction","Jl. Ke Kawah, Linggajati, Kec. Sukaratu, Kabupaten Tasikmalaya, Jawa Barat 46415, Indonesia","Jawa Barat 46415","Kabupaten Tasikmalaya",4.6,234,0,0,0,0,2,"","","","google","ChIJO9e-LpRTby4R7fVU1XNH4FA","PENDING"
"TeeJay Waterpark",-7.3415404,108.2144443,"tourist_attraction","Komplek, Jl. Asia Plaza, Tuguraja, Kec. Cihideung, Kab. Tasikmalaya, Jawa Barat 46125, Indonesia","Jawa Barat 46125","Kab. Tasikmalaya",4.4,6463,6,4,17,0,20,"MASJID AL ISHLAH | Asia Plaza; Jalan masjid dartaQwa; Masjid jami AL-BAROKAH","SAUNG TONCOM & KOPI MAQHA; Matbakhi Arabian Food Tasikmalaya; Dadaha Junction","","google","ChIJ99A4UmtXby4RQg4i8BAQ8Qc","PENDING"
"Bukit Nangreu Galunggung",-7.261007599999999,108.0864231,"tourist_attraction","Linggajati, Sukaratu, Tasikmalaya Regency, West Java 46415, Indonesia","West Java 46415","Tasikmalaya Regency",4.7,328,1,0,0,0,1,"Mushola Kawah Galunggung","","","google","ChIJzaba0fdTby4R809f9mZGqsA","PENDING"
"Lamping Dipa, Cipanengah Bike Park",-7.4144875,108.2276406,"tourist_attraction","H6PH+632, Gunungtandala, Kawalu, Tasikmalaya Regency, West Java 46182, Indonesia","West Java 46182","Tasikmalaya Regency",4.1,10,0,0,0,0,1,"","","","google","ChIJO2punvT5ZS4R9o8qp-XaLqk","PENDING"
"Upper Pool - Cipanas Galunggung",-7.2658426,108.0944815,"umkm","Jl. Ke Cipanas No.15, Linggajati, Kec. Sukaratu, Kabupaten Tasikmalaya, Jawa Barat 46415, Indonesia","Jawa Barat 46415","Kabupaten Tasikmalaya",4.3,450,0,0,0,0,2,"","","","google","ChIJ9avTNKNTby4RxG95t3ODRlo","PENDING"
"Situ Sanghyang",-7.4017602,108.1505324,"tourist_attraction","Jalan Raya Cibalanarik Cilolohan, Cibalanarik, Kec. Tanjungjaya, Kabupaten Tasikmalaya, Jawa Barat 46183, Indonesia","Jawa Barat 46183","Kabupaten Tasikmalaya",4.2,828,2,0,0,0,2,"Mushola Ar-Rahman (Kp. Pangauban) Cibalanarik; Mesjid As-Shoban Cibalanarik","","","google","ChIJF9mWcwJWby4R0gD1rPQ7ZQE","PENDING"
"Wisata Alam Baraya Gunpay",-7.2905414,108.2685085,"tourist_attraction","P759+QCJ, gunung payung, Panaragan, Kec. Cikoneng, Kabupaten Ciamis, Jawa Barat 46261, Indonesia","Jawa Barat 46261","Kabupaten Ciamis",4.5,6,0,0,0,0,12,"","","","google","ChIJ9QVz6XBbby4Rhex538WYF2U","PENDING"
"Puncak Nangela",-7.423413099999999,108.2139245,"tourist_attraction","H6G7+JHM, Urug, Kawalu, Tasikmalaya Regency, West Java 46182, Indonesia","West Java 46182","Tasikmalaya Regency",4.5,21,0,0,0,0,0,"","","","google","ChIJ46CI8Vr5ZS4RB2y2FBi-uR4","PENDING"
"Babakan sanca",-7.2892999,108.2051665,"tourist_attraction","Cipapagan, P664+73M, Sirnagalih, Kec. Indihiang, Kab. Tasikmalaya, Jawa Barat 46151, Indonesia","Jawa Barat 46151","Kab. Tasikmalaya",4.6,8,2,0,5,0,20,"Masjid As-Sa'id; Masjid Arohman Cibeurih","Rumah Makan Saung Ranggon; Bakmie 76; PISANG PASIR ENDES (PISPAS ENDES)","","google","ChIJ598Oeq5Rby4RVqX8V9RsqLc","PENDING"
"Wisata Alam Cireong Park",-7.2698291,108.2556141,"tourist_attraction","Sukaresik, P7C3+9P5, Sindangkasih, Kec. Sindangkasih, Kabupaten Ciamis, Jawa Barat 46261, Indonesia","Jawa Barat 46261","Kabupaten Ciamis",4.4,2797,1,0,0,0,9,"Mushola AlFurqon","","","google","ChIJD66U0Itaby4RriJrLGQPCUk","PENDING"
"Kawah Gunung Galunggung",-7.2569237,108.0782899,"tourist_attraction","Linggajati, Sukaratu, Tasikmalaya Regency, West Java 46415, Indonesia","West Java 46415","Tasikmalaya Regency",4.6,809,1,0,0,0,1,"Mushola Kawah Galunggung","","","google","ChIJO3vmDZFSby4Rs9Jy5G3UeJg","PENDING"
"Waterboom Ma'arif Garden",-7.302174099999999,108.1967732,"tourist_attraction","Sukarindik, Jalan Gunung 7, Sukarindik, Kec. Bungursari, Kab. Tasikmalaya, Jawa Barat 46151, Indonesia","Jawa Barat 46151","Kab. Tasikmalaya",4.4,438,4,1,3,1,20,"Masjid Jami Saleh Hasanah; Masjid Al-Muhajirin Perum Sukarindik; Musala Al-Kalam","Rumah Makan Saung Ranggon; SOTO KHAS BETAWI IBU SITI; Saung Gunung 7","PUSAT BORDIR TASIKMALAYA","google","ChIJSRxw4dtQby4Rc7QwWlDPJrs","PENDING"
"Lubang Timah Waterfall",-7.2191233,108.2546305,"tourist_attraction","Q7J3+9V2, jalan lubang timah, Gn. Sawal, Kec. Cihaurbeuti, Kabupaten Ciamis, Jawa Barat 46262, Indonesia","Jawa Barat 46262","Kabupaten Ciamis",4.7,310,0,0,0,0,0,"","","","google","ChIJ7VVWMERFby4RI2SpPHyG2h4","PENDING"
"Situ Gede Pintu Masuk",-7.3374553,108.1910651,"tourist_attraction","M57R+29V, Jl. Situ Gede, Linggajaya, Kec. Mangkubumi, Kab. Tasikmalaya, Jawa Barat 46181, Indonesia","Jawa Barat 46181","Kab. Tasikmalaya",4.4,171,3,0,5,0,20,"Mesjid Al-Amaliah; Masjid Al-Anhar; Mesjid","Warung Nasi Teh Yeyet; Warung Nasi Bruk Brak; Andalusia","","google","ChIJ9wrBRQ9Xby4R_JIVihQGwHc","PENDING"
"Jembatan cipanyir",-7.309870999999999,108.2115686,"tourist_attraction","M6R6+5GG Taman Sindangsari, Cipedes, Kec. Cipedes, Kab. Tasikmalaya, Jawa Barat 46133, Indonesia","Jawa Barat 46133","Kab. Tasikmalaya",4.7,39,3,2,2,1,20,"Masjid An-Nur; Gedung Serbaguna Suryalaya Tasikmalaya; Masjid Al-Amanah Bobojong","Sambel Pecel Pele; Bubur Ayam Plat Z","PUSAT BORDIR TASIKMALAYA","google","ChIJieBIAdNRby4RvHGXNQZ3elc","PENDING"
"Entrance Area Tourism Galunggung",-7.269632400000001,108.0977455,"tourist_attraction","Jl. Ke Cipanas No.30, Linggajati, Kec. Sukaratu, Kabupaten Tasikmalaya, Jawa Barat 46415, Indonesia","Jawa Barat 46415","Kabupaten Tasikmalaya",4.4,933,0,0,0,0,2,"","","","google","ChIJI4MmgVdSby4RaJTSANFcUHk","PENDING"
"Alun-Alun Kota Tasikmalaya",-7.3262114,108.2241935,"tourist_attraction","Jl. Otto Iskandardinata, Empangsari, Kec. Tawang, Kab. Tasikmalaya, Jawa Barat 46113, Indonesia","Jawa Barat 46113","Kab. Tasikmalaya",4.6,9089,4,2,20,1,20,"Masjid Al Mu'min Kalektoran; Masjid At-Taqwa; Masjid Al Fatah","LAOBAN TASIKMALAYA by UNCLE OSH T; Tiga_Macan; Kenyang Culinary Tasikmalaya","PUSAT BORDIR TASIKMALAYA","google","ChIJf6RWjE9Xby4RqL1n-aBZheU","PENDING"
"Taman Pico",-7.314739999999999,108.1433083,"tourist_attraction","M4PV+68F, Tawangbanteng, Sukaratu, Tasikmalaya Regency, West Java 46466, Indonesia","West Java 46466","Tasikmalaya Regency",4.4,162,1,0,0,0,15,"Mushola Cilaja Ombah","","","google","ChIJe6hRQLtRby4R4IHGJXGKoMQ","PENDING"
"Bukit Sampalan Asri",-7.236085999999998,108.2230105,"tourist_attraction","Q67F+H5G, Sukamaju, Cihaurbeuti, Ciamis Regency, West Java 46262, Indonesia","West Java 46262","Ciamis Regency",4.6,442,1,0,0,0,2,"MASJID Al Hidayah /Majelis Taklim Al Hidayah 1","","","google","ChIJT8Tc4htRby4Rje4WDeRVs08","PENDING"
"Water park karang resik",-7.312104600000001,108.2399231,"tourist_attraction","M6QQ+5X3, Jl. Mohamad Hatta, Sukamanah, Kec. Cipedes, Kab. Tasikmalaya, Jawa Barat 46131, Indonesia","Jawa Barat 46131","Kab. Tasikmalaya",4.5,29,1,0,2,0,20,"Mesjid El Haqi","Adu Manis; Rumah Makan KOTO BARu (Masakan Padang)","","google","ChIJl2MQ5qVbby4Rt4Du3JS0bl8","PENDING"
"CIREONG NATURAL VIEW FARMING",-7.269285,108.2554297,"tourist_attraction","P7J4+75M, Sukaresik, Sindangkasih, Ciamis Regency, West Java 46268, Indonesia","West Java 46268","Ciamis Regency",4.7,56,0,0,0,0,7,"","","","google","ChIJ1wLfn69bby4RM8ME0GQ0O5c","PENDING"
"Galura citanduy",-7.2926156,108.2146511,"tourist_attraction","P647+XV2, Sirnagalih, Indihiang, Tasikmalaya Regency, West Java 46151, Indonesia","West Java 46151","Tasikmalaya Regency",5,1,2,0,3,0,20,"MUSHOLA AL-UBUDIYAH; Dekat masjid darullhuda","Rumah Makan Saung Ranggon; PISANG PASIR ENDES (PISPAS ENDES); Surabi Oncom","","google","ChIJobezPwBRby4RgYeb0vn064M","PENDING"
"Wisata Alam Pinus Batu Cakra",-7.2634571,108.273601,"tourist_attraction","P7PF+JC9, Darmacaang, Cikoneng, Ciamis Regency, West Java 46261, Indonesia","West Java 46261","Ciamis Regency",4.5,325,1,0,0,0,1,"mesjid al-anwar","","","google","ChIJeXNDpvpaby4ROWnhoUFxQJQ","PENDING"
"Cadas Ngampar Valley",-7.2479494,108.3095651,"tourist_attraction","Q825+RRG, Gunungsari, Sadananya, Ciamis Regency, West Java 46256, Indonesia","West Java 46256","Ciamis Regency",4.5,620,0,0,1,0,0,"","Warung Timbel Cadas","","google","ChIJJ9QRMptbby4RHKT2OcRkKj8","PENDING"
"Pantai Pamayangsari",-7.771624500000001,108.0863278,"tourist_attraction","Sindangkerta, Cipatujah, Tasikmalaya Regency, West Java 46189, Indonesia","West Java 46189","Tasikmalaya Regency",4.4,2351,0,0,1,0,0,"","Lesehan ""BERKAH IBU CUCU""","","google","ChIJQ4Rq767fZS4R90LZNfYTfqw","PENDING"
"Wahana Edukasi Sukahaji Waterboom",-7.2671904,108.197404,"tourist_attraction","Jl. Raya Cihaurbeuti, Sukahaji, Kec. Cihaurbeuti, Kabupaten Ciamis, Jawa Barat 46262, Indonesia","Jawa Barat 46262","Kabupaten Ciamis",4.4,1181,1,0,0,1,11,"Masjid AR-RODIAH","","Taspandantasik (Balantick Collection)","google","ChIJ8-awOlFQby4Rm8DiVvyjmg8","PENDING"
"Makam Syekh H. Abdul Ghorib",-7.397269199999999,108.2158728,"mosque","J638+38X, Kampung Jl. Cibeas, Gununggede, Kec. Kawalu, Kab. Tasikmalaya, Jawa Barat 46182, Indonesia","Jawa Barat 46182","Kab. Tasikmalaya",4.8,37,3,0,0,0,7,"MUSHOLA AL- BARKAH CIANJUR KIDUL; Mushola Al-Mubarok; Masjid/Mushola Bani Sar'i","","","google","ChIJBVDt0jtXby4RIF7CAkrTpWY","PENDING"
"Patilasan Sanghyang Prabu Dilaya",-7.3356179,108.1860581,"mosque","M57P+QC3, Linggajaya, Mangkubumi, Tasikmalaya Regency, West Java 46181, Indonesia","West Java 46181","Tasikmalaya Regency",3.9,9,4,0,4,0,20,"Masjid Miftahus salam Gn. Pasaleman; Mesjid Al-Amaliah; Masjid Al-Anhar","Andalusia; Warung Nasi Bruk Brak; Warung Nasi Si Bungsu","","google","ChIJBeim895Wby4RMMRgyFhZxVI","PENDING"
"Makam Syekh Abdul Muhyi",-7.568089299999999,108.0800426,"mosque","C3JJ+Q27, Pamijahan, Bantarkalong, Tasikmalaya Regency, West Java 46187, Indonesia","West Java 46187","Tasikmalaya Regency",4.7,1043,1,0,0,0,0,"Makam Syekh Abdul Muhyi","","","google","ChIJ_____8viZS4Rb6ZI8pQI9f0","PENDING"
"Makam Eyang Prabudilaya",-7.335556,108.185833,"umkm","M57P+Q8G, Jl. Situ Gede, Mangkubumi, Kec. Mangkubumi, Kab. Tasikmalaya, Jawa Barat 46181, Indonesia","Jawa Barat 46181","Kab. Tasikmalaya",4.7,13,4,0,4,0,20,"Masjid Miftahus salam Gn. Pasaleman; Mesjid Al-Amaliah; Masjid Al-Anhar","Andalusia; Warung Nasi Bruk Brak; Warung Nasi Si Bungsu","","google","ChIJaThlX-5Xby4RHehBJ92idSA","PENDING"
"Pamijahan",-7.3505813,108.2171484,"mosque","J6X8+QV6, Tugujaya, Cihideung, Tasikmalaya Regency, West Java 46126, Indonesia","West Java 46126","Tasikmalaya Regency",4.5,11,4,1,1,0,20,"Masjid At Taqwa; Masjid Asshollu; Mushola Azikri","SAUNG TONCOM & KOPI MAQHA","","google","ChIJ0xnk7aVXby4RD-hkZpzwpKA","PENDING"
"Wisata Religi Syekh Tanubaya",-7.2410121,108.1867184,"mosque","Q55P+HMV, Dawagung, Rajapolah, Tasikmalaya Regency, West Java 46155, Indonesia","West Java 46155","Tasikmalaya Regency",0,0,4,0,1,2,2,"Mushola Al Hidayah; Mushola Al Kautsar; Masjid Dawagung","Saung Lesehan Sumberjaya","Pusat Kerajinan Rajapolah; Taspandantasik (Balantick Collection)","google","ChIJvwKVfQBRby4RrFaC6jZYNuU","PENDING"
"Makom Karomah Syeh Abdul Qalam",-7.361025100000001,108.193194,"tourist_attraction","J5QV+H7P, Cigantang, hilir, Tasikmalaya Regency, West Java 46181, Indonesia","West Java 46181","Tasikmalaya Regency",4.7,3,3,0,3,0,20,"Masjid Al Ikhlas Sukahening; Mesjid; Masjid Al-Ikhlas Sindangasih","Bale Balong Mangkubumi; Abang Judd's Area Foody; Cilok Goang AP","","google","ChIJmydc6olXby4RvmmJMGs79mw","PENDING"
"Masjid Agung Tasikmalaya",-7.3261207,108.2201678,"tourist_attraction","Jl. Mesjid Agung No.01, Yudanagara, Kec. Tawang, Kab. Tasikmalaya, Jawa Barat 46121, Indonesia","Jawa Barat 46121","Kab. Tasikmalaya",4.8,11128,7,2,20,1,20,"Masjid Al Mu'min Kalektoran; Masjid Jam'i AL HIDAYAH; Masjid At-Taqwa","LAOBAN TASIKMALAYA by UNCLE OSH T; Tiga_Macan; Kenyang Culinary Tasikmalaya","PUSAT BORDIR TASIKMALAYA","google","ChIJ_zo2s0hXby4R7CflmE9KDi8","PENDING"
"Asmaul Husna Monument",-7.3343258,108.218957,"tourist_attraction","Jl. Nagarawangi No.1, Nagarawangi, Kec. Cihideung, Kab. Tasikmalaya, Jawa Barat 46124, Indonesia","Jawa Barat 46124","Kab. Tasikmalaya",4.5,430,8,2,20,1,20,"Mushola Al-Amin; Masjid Jam'i AL HIDAYAH; Mesjid Al Musyawaroh","LAOBAN TASIKMALAYA by UNCLE OSH T; SAUNG TONCOM & KOPI MAQHA; Tiga_Macan","PUSAT BORDIR TASIKMALAYA","google","ChIJd902cUFXby4RBcJQ-eC3LJA","PENDING"
"Makom EYANG SUNAN ROHMAT GUNUNG SIANG",-7.2299665,108.0398029,"mosque","Q2CR+326, Parentas, Cigalontang, Tasikmalaya Regency, West Java 46463, Indonesia","West Java 46463","Tasikmalaya Regency",4.7,28,0,0,0,0,0,"","","","google","ChIJz35lDgCzaC4RsZ6VZ6aXVN4","PENDING"
"Wisata religi makam embah RANGSANG BENTANG",-7.2231377,108.1429321,"mosque","Q4GV+P5V, Kp pasirangin, Banyurasa, Kec. Sukahening, Kabupaten Tasikmalaya, Jawa Barat 46155, Indonesia","Jawa Barat 46155","Kabupaten Tasikmalaya",1,1,4,1,1,0,6,"Mushola Al Mansuriyah; Mushola Al Mansyur; Mushola aki suhaemi","Saung Pasirangin","","google","ChIJQ84OkCJPby4Rq3jlb1-Q1h8","PENDING"
"Makam Syekh Tubagus Abdullah (Mbah Gandrung)",-7.320556999999999,108.2502507,"mosque","M7H2+Q4C, Sukaasih, Purbaratu, Tasikmalaya Regency, West Java 46196, Indonesia","West Java 46196","Tasikmalaya Regency",4.4,7,0,0,2,0,20,"","Abood Kebuli & Cafe Amazing; Usus Sultan JB","","google","ChIJJxc4j3ZZby4RJXJkgjcDx3I","PENDING"
"Goa Saparwadi Syech Abdul Muhyi",-7.571238399999999,108.074214,"tourist_attraction","Jalan Goa Saparwadi, Panyalahan, Pamijahan, Kec. Bantarkalong, Kabupaten Tasikmalaya, Jawa Barat 46187, Indonesia","Jawa Barat 46187","Kabupaten Tasikmalaya",4.6,2067,1,0,0,0,0,"Makam Syekh Abdul Muhyi","","","google","ChIJ96xJ08riZS4RErDNSFht3C4","PENDING"
"Makam Syekh Eyang Jiwa Raga",-7.3211972,108.2535522,"umkm","M7H3+GCF, Jl. Perum Sukamenak Indah, Sukamenak, Kec. Purbaratu, Kab. Tasikmalaya, Jawa Barat 46196, Indonesia","Jawa Barat 46196","Kab. Tasikmalaya",5,7,0,0,2,0,20,"","Abood Kebuli & Cafe Amazing; Usus Sultan JB","","google","ChIJE4elO_FZby4R6CxAXNqyoDQ","PENDING"
"Manonjaya Great Mosque",-7.351316899999999,108.3072051,"tourist_attraction","J8X4+FVG, Jl. RTA. Prawira Adiningrat, Manonjaya, Kec. Manonjaya, Kab. Tasikmalaya, Jawa Barat 46197, Indonesia","Jawa Barat 46197","Kab. Tasikmalaya",4.7,1784,16,1,1,0,8,"Mesjid Al-Istiqomah; Masjid Al-Hikmah; Musala Al-Ustman","Bajigur bandrek sinar fajar","","google","ChIJV0_TzyFZby4Ryl7uHMpwfKM","PENDING"
"Vihara Avalokitesvara",-7.3271859,108.2211464,"mosque","Jl. Pemuda No.15, Yudanagara, Kec. Cihideung, Kab. Tasikmalaya, Jawa Barat 46121, Indonesia","Jawa Barat 46121","Kab. Tasikmalaya",5,5,8,2,20,1,20,"Mushola Al-Amin; Masjid Al Mu'min Kalektoran; Masjid Jam'i AL HIDAYAH","LAOBAN TASIKMALAYA by UNCLE OSH T; Tiga_Macan; Kenyang Culinary Tasikmalaya","PUSAT BORDIR TASIKMALAYA","google","ChIJ_ebW9olXby4R1f5GKXNjNVM","PENDING"
"Pasirtando",-7.4529846,108.1832729,"umkm","G5WM+R82, Janggala, Sukaraja, Tasikmalaya Regency, West Java 46183, Indonesia","West Java 46183","Tasikmalaya Regency",4.3,4,0,1,1,0,0,"","LAZATTO Chicken & Burger.","","google","ChIJOVKIWw_5ZS4RbEj3tvVoCcQ","PENDING"
"Pamijahan",-7.568559899999999,108.0804055,"mosque","C3JJ+H5C, Pamijahan, Bantarkalong, Tasikmalaya Regency, West Java 46188, Indonesia","West Java 46188","Tasikmalaya Regency",4.7,35,1,0,0,0,0,"Makam Syekh Abdul Muhyi","","","google","ChIJrcYtMgbjZS4RIG_3WnuT038","PENDING"
"Gunung Sembung/Wisata Religi",-7.257333500000001,108.2941182,"tourist_attraction","Puncak Gunung Sembung, Palasari, P7VV+3J9 By :Arid Ridwan, Nasol, Kec. Cikoneng, Kabupaten Ciamis, Jawa Barat 46261, Indonesia","Jawa Barat 46261","Kabupaten Ciamis",0,0,0,0,0,0,0,"","","","google","ChIJzzTIZwBbby4RvRDKJBhFsVA","PENDING"
"Wisata RELIGI",-7.134436099999999,108.2679151,"mosque","V789+65F, Panjalu, Ciamis Regency, West Java 46264, Indonesia","West Java 46264","Ciamis Regency",0,0,6,0,0,0,5,"Masjid Agung Panjalu; Masjid al-falah; Masjid Raya Situ Panjalu","","","google","ChIJoxhqHSdHby4R1wKPoK6ky8k","PENDING"
"Patilasan Eyang Tambleg Meneng Citiis",-7.268431599999999,108.0868277,"mosque","P3JP+JPG, Jl. Ke Kawah, Linggajati, Kec. Sukaratu, Kabupaten Tasikmalaya, Jawa Barat 46415, Indonesia","Jawa Barat 46415","Kabupaten Tasikmalaya",4.8,5,0,0,0,0,1,"","","","google","ChIJA4uC5UpTby4RbzgCOWG1twA","PENDING"
"Area Parkir Goa Safarwadi Dan Makam Syekh Khotib Muwwahid",-7.567618799999999,108.0721645,"mosque","Jl. cilumbu rt 003 rw 003 kampung panyalahan, Pamijahan, Kec. Bantarkalong, Kabupaten Tasikmalaya, Jawa Barat 46187, Indonesia","Jawa Barat 46187","Kabupaten Tasikmalaya",4.4,17,0,0,0,0,0,"","","","google","ChIJeWZCqRD9ZS4RLDCLCAb9v3I","PENDING"
"Wisata Edukasi dan Religi Gunung Raja",-7.3348366,107.9902763,"tourist_attraction","MX8R+34, Nangtang, Cigalontang, Tasikmalaya Regency, West Java 46463, Indonesia","West Java 46463","Tasikmalaya Regency",0,0,0,0,0,0,0,"","","","google","ChIJAdMMPACraC4R3AuZQy9O58U","PENDING"
"Curug Citiis Dinding Ari Galunggung",-7.276403299999999,108.0981824,"mosque","P3FX+C7M, Mandalagiri, Leuwisari, Tasikmalaya Regency, West Java 46464, Indonesia","West Java 46464","Tasikmalaya Regency",4.1,22,0,0,0,0,2,"","","","google","ChIJcxljjQlTby4RvEGDVuBiM6M","PENDING"
"Wisata Ziarah Makam Panjalu",-7.1298143,108.269658,"tourist_attraction","V7C9+3VF, Panjalu, Ciamis Regency, West Java 46264, Indonesia","West Java 46264","Ciamis Regency",4.6,94,3,0,0,0,5,"Masjid al-falah; Masjid Agung Panjalu; Masjid Raya Situ Panjalu","","","google","ChIJYa1kzpRHby4RSx2DgIP-5jA","PENDING"
"Kampung Pramuka Kokoprak",-7.230562399999998,108.1133267,"tourist_attraction","Kp. Sukamaju No.005/003, Sukamukti, Kec. Cisayong, Kabupaten Tasikmalaya, Jawa Barat 46153, Indonesia","Jawa Barat 46153","Kabupaten Tasikmalaya",5,3,1,0,0,0,2,"Mushola Al-Barokah","","","google","ChIJoS8xii5Nby4RrCFfLYL7pmI","PENDING"
"Makam Bengkok",-7.577339799999999,108.0834272,"mosque","C3FM+397, Pamijahan, Bantarkalong, Tasikmalaya Regency, West Java 46187, Indonesia","West Java 46187","Tasikmalaya Regency",4.6,9,0,0,0,0,0,"","","","google","ChIJ1RSjTkjjZS4RDmQCuiozqk0","PENDING"
"Taman Kota Tasikmalaya",-7.3263503,108.2208155,"tourist_attraction","dan, Jl. HZ. Mustofa Jl. Dewi Sartika No.61-69, Tawangsari, Kec. Tawang, Kab. Tasikmalaya, Jawa Barat 46112, Indonesia","Jawa Barat 46112","Kab. Tasikmalaya",4.5,2912,7,2,20,1,20,"Mushola Al-Amin; Masjid Al Mu'min Kalektoran; Masjid Jam'i AL HIDAYAH","LAOBAN TASIKMALAYA by UNCLE OSH T; Tiga_Macan; Kenyang Culinary Tasikmalaya","PUSAT BORDIR TASIKMALAYA","google","ChIJQxgBOjdXby4RFN7rjwgdiV4","PENDING"
"Taman Dadaha Tasikmalaya",-7.337785100000001,108.2208526,"tourist_attraction","Nagarawangi, Cihideung, Tasikmalaya Regency, West Java 46124, Indonesia","West Java 46124","Tasikmalaya Regency",4.4,4838,10,3,20,1,20,"Mushola Al-Amin; Mesjid Al Musyawaroh; MASJID AL ISHLAH | Asia Plaza","LAOBAN TASIKMALAYA by UNCLE OSH T; SAUNG TONCOM & KOPI MAQHA; Tiga_Macan","PUSAT BORDIR TASIKMALAYA","google","ChIJIduTQUJXby4RoYY0KB-0DAA","PENDING"
"Sosis Bakar, Sostel(Sosis Telor) Parut",-7.331434400000001,108.2211567,"tourist_attraction","M69C+CFF, Empangsari, Tawang, Tasikmalaya Regency, West Java 12345, Indonesia","West Java 12345","Tasikmalaya Regency",4.3,1475,5,0,20,1,20,"Mushola Al-Amin; Masjid Jam'i AL HIDAYAH; Masjid Al Mubarok","LAOBAN TASIKMALAYA by UNCLE OSH T; SAUNG TONCOM & KOPI MAQHA; Tiga_Macan","PUSAT BORDIR TASIKMALAYA","google","ChIJQcYvV09Xby4RR6NXc4AAnH8","PENDING"
"Alun Alun Dadaha",-7.336455699999999,108.2220365,"tourist_attraction","M67C+CR7, Jl. Lingkar Dadaha, Nagarawangi, Kec. Cihideung, Kab. Tasikmalaya, Jawa Barat 46124, Indonesia","Jawa Barat 46124","Kab. Tasikmalaya",4.4,109,10,3,20,1,20,"Mushola Al-Amin; Masjid Jam'i AL HIDAYAH; Mesjid Al Musyawaroh","LAOBAN TASIKMALAYA by UNCLE OSH T; SAUNG TONCOM & KOPI MAQHA; Tiga_Macan","PUSAT BORDIR TASIKMALAYA","google","ChIJ_0v504JXby4RcHTtrxeO670","PENDING"
"Mangoes KS",-7.336718400000001,108.2226102,"tourist_attraction","Mangoes KS Alun alun, Jl. Dadaha Jl. Lingkar Dadaha, Nagarawangi, Kec. Cihideung, Kab. Tasikmalaya, Jawa Barat 46124, Indonesia","Jawa Barat 46124","Kab. Tasikmalaya",5,2,9,1,20,1,20,"Mushola Al-Amin; Mesjid Al Musyawaroh; Al Hikmah Grand Mosque","LAOBAN TASIKMALAYA by UNCLE OSH T; SAUNG TONCOM & KOPI MAQHA; Tiga_Macan","PUSAT BORDIR TASIKMALAYA","google","ChIJcTnK6aZXby4RFBufH9oiJJI","PENDING"
"Payung Geulis Jl. Cihideung",-7.329291199999999,108.2196517,"tourist_attraction","Jl. HZ. Mustofa No.84, Yudanagara, Kec. Cihideung, Kab. Tasikmalaya, Jawa Barat 46121, Indonesia","Jawa Barat 46121","Kab. Tasikmalaya",4.1,18,9,0,20,1,20,"Mushola Al-Amin; Masjid Al Mu'min Kalektoran; Masjid Jam'i AL HIDAYAH","LAOBAN TASIKMALAYA by UNCLE OSH T; SAUNG TONCOM & KOPI MAQHA; Tiga_Macan","PUSAT BORDIR TASIKMALAYA","google","ChIJfwx00ZFXby4Rac_Fac_ZV-U","PENDING"
"Kawasan Wisata Pemancingan Rumah Makan Padang Uni Yeni Desa Sukaasih",-7.3374951,108.2184945,"tourist_attraction","M679+295, Jalan Makan Pahlawan Jl. HZ. Mustofa, Nagarawangi, Kec. Cihideung, Kab. Tasikmalaya, Jawa Barat 46413, Indonesia","Jawa Barat 46413","Kab. Tasikmalaya",0,0,9,3,20,1,20,"Mushola Al-Amin; MASJID AL ISHLAH | Asia Plaza; Mesjid Al Musyawaroh","LAOBAN TASIKMALAYA by UNCLE OSH T; SAUNG TONCOM & KOPI MAQHA; Tiga_Macan","PUSAT BORDIR TASIKMALAYA","google","ChIJa0EN1U9Xby4RLrRZ8j_0i_s","PENDING"
"Lapang Upacara Dadaha Tasikmalaya",-7.336256099999999,108.2222414,"tourist_attraction","Jl. Dadaha No.68, Nagarawangi, Kec. Cihideung, Kab. Tasikmalaya, Jawa Barat 46124, Indonesia","Jawa Barat 46124","Kab. Tasikmalaya",4.4,22,10,3,20,1,20,"Mushola Al-Amin; Masjid Jam'i AL HIDAYAH; Mesjid Al Musyawaroh","Matbakhi Arabian Food Tasikmalaya; LAOBAN TASIKMALAYA by UNCLE OSH T; FoodHall Plasa Asia","PUSAT BORDIR TASIKMALAYA","google","ChIJAwgi6t5Xby4Ry7z3BZc81ak","PENDING"
"Taman Kesenian Dan Monumen Payung Geulis",-7.3380359,108.2197174,"tourist_attraction","Nagarawangi, Cihideung, Tasikmalaya Regency, West Java 46124, Indonesia","West Java 46124","Tasikmalaya Regency",3.6,10,11,3,19,1,20,"Mushola Al-Amin; MASJID AL ISHLAH | Asia Plaza; Mesjid Al Musyawaroh","LAOBAN TASIKMALAYA by UNCLE OSH T; SAUNG TONCOM & KOPI MAQHA; Tiga_Macan","PUSAT BORDIR TASIKMALAYA","google","ChIJQ9b3HGpXby4RnmkgPjZjw20","PENDING"
"kopdaran scootas (scoopy tasikmalaya)",-7.3266728,108.2242728,"tourist_attraction","M6FF+8PR, Empangsari, Tawang, Tasikmalaya Regency, West Java 46113, Indonesia","West Java 46113","Tasikmalaya Regency",5,3,5,2,20,1,20,"Mushola Al-Amin; Masjid Al Mu'min Kalektoran; Masjid At-Taqwa","LAOBAN TASIKMALAYA by UNCLE OSH T; Tiga_Macan; Kenyang Culinary Tasikmalaya","PUSAT BORDIR TASIKMALAYA","google","ChIJYSvlbgBXby4R4yKjAlMM440","PENDING"
"Rekreasi",-7.350580799999999,108.2171633,"tourist_attraction","J6X8+QV7, Tugujaya, Cihideung, Tasikmalaya Regency, West Java 46126, Indonesia","West Java 46126","Tasikmalaya Regency",0,0,4,1,9,0,20,"Masjid Asshollu; Mushola Azikri; Masjid Al-Ikhlas","SAUNG TONCOM & KOPI MAQHA; Cilok Uwais Tasikmalaya; Ketoprak Pekayon jaya","","google","ChIJXTz8WABXby4Rv80q5efNcJ8","PENDING"
"LAPAK JUPITER Z STYLE TASIKMALAYA",-7.338369099999999,108.2181668,"tourist_attraction","M669+M73, Jl. HZ. Mustofa, Tuguraja, Kec. Cihideung, Kab. Tasikmalaya, Jawa Barat 46125, Indonesia","Jawa Barat 46125","Kab. Tasikmalaya",5,1,12,2,20,0,20,"Mushola Al-Amin; MASJID AL ISHLAH | Asia Plaza; Mesjid Al Musyawaroh","LAOBAN TASIKMALAYA by UNCLE OSH T; SAUNG TONCOM & KOPI MAQHA; Tiga_Macan","","google","ChIJb_L6EIFXby4R7SQPzOklfmY","PENDING"
"Hama",-7.346754400000001,108.2161605,"tourist_attraction","M638+7F2, Jl. Cipicung, Tugujaya, Kec. Cihideung, Kab. Tasikmalaya, Jawa Barat 46126, Indonesia","Jawa Barat 46126","Kab. Tasikmalaya",0,0,5,1,15,0,20,"MASJID AL ISHLAH | Asia Plaza; Masjid Asshollu; Mushola Azikri","SAUNG TONCOM & KOPI MAQHA; Matbakhi Arabian Food Tasikmalaya; Dadaha Junction","","google","ChIJS4jmdgBXby4R3LDoxw3mz-4","PENDING"
"Kebun semangka",-7.350580799999999,108.2171633,"tourist_attraction","J6X8+QV7, Tugujaya, Cihideung, Tasikmalaya Regency, West Java 46126, Indonesia","West Java 46126","Tasikmalaya Regency",5,1,4,1,9,0,20,"Masjid At Taqwa; Masjid Asshollu; Mushola Azikri","SAUNG TONCOM & KOPI MAQHA; Cilok Uwais Tasikmalaya; Ketoprak Pekayon jaya","","google","ChIJyeN_OwBXby4RT_TPFIIbtXw","PENDING"
"Bantar lilitan",-7.350580799999999,108.2171633,"tourist_attraction","J6X8+QV7, Tugujaya, Cihideung, Tasikmalaya Regency, West Java 46126, Indonesia","West Java 46126","Tasikmalaya Regency",0,0,4,1,9,0,20,"Masjid Asshollu; Mushola Azikri; Masjid Al-Ikhlas","SAUNG TONCOM & KOPI MAQHA; Cilok Uwais Tasikmalaya; Ketoprak Pekayon jaya","","google","ChIJYbg-oK9Xby4RXiMGNZSAVak","PENDING"
"Pangasinan",-7.350580799999999,108.2171633,"tourist_attraction","J6X8+QV7, Tugujaya, Cihideung, Tasikmalaya Regency, West Java 46126, Indonesia","West Java 46126","Tasikmalaya Regency",0,0,4,1,9,0,20,"Masjid At Taqwa; Masjid Asshollu; Mushola Azikri","SAUNG TONCOM & KOPI MAQHA; Cilok Uwais Tasikmalaya; Ketoprak Pekayon jaya","","google","ChIJYy1JDeZXby4R95xChQ3ZHdc","PENDING"
"Garut",-7.350580799999999,108.2171633,"tourist_attraction","J6X8+QV7, Tugujaya, Cihideung, Tasikmalaya Regency, West Java 46126, Indonesia","West Java 46126","Tasikmalaya Regency",0,0,4,1,9,0,20,"Masjid At Taqwa; Masjid Asshollu; Mushola Azikri","SAUNG TONCOM & KOPI MAQHA; Cilok Uwais Tasikmalaya; Ketoprak Pekayon jaya","","google","ChIJ6bF4pwJXby4RzKwA6U9E0X0","PENDING"
"Playground Dadaha",-7.335072,108.2205231,"tourist_attraction","Jl. HZ. Mustofa No.126, Nagarawangi, Kec. Cihideung, Kab. Tasikmalaya, Jawa Barat 46124, Indonesia","Jawa Barat 46124","Kab. Tasikmalaya",4.5,112,8,2,20,1,20,"Mushola Al-Amin; Masjid Jam'i AL HIDAYAH; Mesjid Al Musyawaroh","LAOBAN TASIKMALAYA by UNCLE OSH T; SAUNG TONCOM & KOPI MAQHA; Tiga_Macan","PUSAT BORDIR TASIKMALAYA","google","ChIJz1wTakJXby4RWgpew8CCS4A","PENDING"
"CFD Cilembang",-7.334023200000001,108.2008156,"tourist_attraction","M682+98W, Jl. KH. E. Z. Muttaqin, Linggajaya, Kec. Mangkubumi, Kab. Tasikmalaya, Jawa Barat 46181, Indonesia","Jawa Barat 46181","Kab. Tasikmalaya",4.3,205,4,1,6,1,20,"Mushola dan WC Umum; Masjid Al Chaidir Anwar; Mushola & Wc Umum","Kampung Kecil Tasikmalaya; Go Eat; Dapoer Emina","PUSAT BORDIR TASIKMALAYA","google","ChIJi4UWACVXby4Rt86YgosgK0c","PENDING"
"situ",-7.350580799999999,108.2171633,"tourist_attraction","J6X8+QV7, Tugujaya, Cihideung, Tasikmalaya Regency, West Java 46126, Indonesia","West Java 46126","Tasikmalaya Regency",5,2,4,1,9,0,20,"Masjid At Taqwa; Masjid Asshollu; Mushola Azikri","SAUNG TONCOM & KOPI MAQHA; Cilok Uwais Tasikmalaya; Ketoprak Pekayon jaya","","google","ChIJlRqLUQBXby4R5BjRrYumrtY","PENDING"
"Ampera Waterpark",-7.131519399999999,108.1456798,"tourist_attraction","Jl. Raya Sumedang - Cibeureum No.217, Pamoyanan, Kec. Ciawi, Kabupaten Tasikmalaya, Jawa Barat 46156, Indonesia","Jawa Barat 46156","Kabupaten Tasikmalaya",4.4,6782,2,2,0,0,3,"Mushola RM. Liwet Pak Asep Stroberi; Musholla At-Taufiq","","","google","ChIJ1R9cjWBJby4RT2jkWo6ajt8","PENDING"
"Taman Sar",-7.330520699999999,108.2196917,"tourist_attraction","Jl. Pataruman No.6, Yudanagara, Kec. Cihideung, Kab. Tasikmalaya, Jawa Barat 46121, Indonesia","Jawa Barat 46121","Kab. Tasikmalaya",4,1,9,1,20,1,20,"Mushola Al-Amin; Masjid Jam'i AL HIDAYAH; Masjid Al Mubarok","LAOBAN TASIKMALAYA by UNCLE OSH T; SAUNG TONCOM & KOPI MAQHA; Tiga_Macan","PUSAT BORDIR TASIKMALAYA","google","ChIJTQKVnkZXby4R9ANewBhEYpM","PENDING"
"Pirusa",-7.350733399999999,108.2169528,"tourist_attraction","J6X8+PQ4, Tugujaya, Cihideung, Tasikmalaya Regency, West Java 46126, Indonesia","West Java 46126","Tasikmalaya Regency",5,2,4,1,10,0,20,"Masjid At Taqwa; Masjid Asshollu; Mushola Azikri","SAUNG TONCOM & KOPI MAQHA; Cilok Uwais Tasikmalaya; Ketoprak Pekayon jaya","","google","ChIJh1FVscVXby4RBRN5MsNcGfw","PENDING"
"Taman Puri Asih",-7.3343335,108.2211853,"tourist_attraction","Jl. Dadaha, Nagarawangi, Kec. Cihideung, Kab. Tasikmalaya, Jawa Barat 46124, Indonesia","Jawa Barat 46124","Kab. Tasikmalaya",4.7,6,6,2,20,1,20,"Mushola Al-Amin; Masjid Jam'i AL HIDAYAH; Mesjid Al Musyawaroh","LAOBAN TASIKMALAYA by UNCLE OSH T; SAUNG TONCOM & KOPI MAQHA; Tiga_Macan","PUSAT BORDIR TASIKMALAYA","google","ChIJx02750JXby4RpgZWbekYSg0","PENDING"
"Kampung Naga",-7.3609563,107.9923573,"tourist_attraction","JXPR+9V, Neglasari, Salawu, Tasikmalaya Regency, West Java 46471, Indonesia","West Java 46471","Tasikmalaya Regency",4.7,1433,1,0,0,0,0,"Mushola Nurul Iman Kp. Neundet","","","google","ChIJgXM-U4GraC4R6TNrs7DX06o","PENDING"
"Taman Wisata Mutiara Sukamulya Aboh",-7.314924899999999,108.1934177,"umkm","M5PV+29M, Sukamulya, Bungursari, Tasikmalaya Regency, West Java 46151, Indonesia","West Java 46151","Tasikmalaya Regency",4.2,99,3,5,3,0,20,"Mushola SPBU Rancabango; Masjid Baitul Jannah; Mesjid Fatimah","D'NOXIS FOOD COURT; SOTO KHAS BETAWI IBU SITI; RM Padang Roda Baru 36","","google","ChIJd7AW-dRQby4Rp_GZoSzbfvY","PENDING"
"Lapangan terbuka",-7.326898599999999,108.2177041,"tourist_attraction","M6F9+63W, Jl. Gn. Singa, Yudanagara, Kec. Cihideung, Kab. Tasikmalaya, Jawa Barat 46121, Indonesia","Jawa Barat 46121","Kab. Tasikmalaya",0,0,8,2,20,1,20,"Mushola Al-Amin; Masjid Al Mu'min Kalektoran; Masjid Jam'i AL HIDAYAH","LAOBAN TASIKMALAYA by UNCLE OSH T; Tiga_Macan; Kenyang Culinary Tasikmalaya","PUSAT BORDIR TASIKMALAYA","google","ChIJE7uBjjpXby4RBPrFaw8E9NU","PENDING"
"Lapangan upacara UPI Kampus Tasikmalaya",-7.336143400000001,108.2248193,"tourist_attraction","M67F+GWW, Kahuripan, Tawang, Tasikmalaya Regency, West Java 46124, Indonesia","West Java 46124","Tasikmalaya Regency",5,1,7,2,20,1,20,"Mushola Al-Amin; Al Hikmah Grand Mosque; Mesjid Al Musyawaroh","LAOBAN TASIKMALAYA by UNCLE OSH T; Tiga_Macan; SAUNG TONCOM & KOPI MAQHA","PUSAT BORDIR TASIKMALAYA","google","ChIJOTMz8sNXby4RBQHLG7DPMfE","PENDING"
"Kawah Karaha Bodas",-7.1226881,108.0775347,"tourist_attraction","V3GH+W2F, Kadipaten, Tasikmalaya Regency, West Java 46156, Indonesia","West Java 46156","Tasikmalaya Regency",4.3,399,0,0,0,0,0,"","","","google","ChIJyxKRzhxLby4RBTUlDoPdnc4","PENDING"
"Elang Waterplay",-7.312861599999999,108.2238245,"umkm","Jl. Mayor Elang Subandar No.28, Nagarasari, Kec. Cipedes, Kab. Tasikmalaya, Jawa Barat 46131, Indonesia","Jawa Barat 46131","Kab. Tasikmalaya",4.7,106,0,3,8,1,20,"","Kenyang Culinary Tasikmalaya; Orange Steak; Nini Anteh Warung Sangu Tasik","PUSAT BORDIR TASIKMALAYA","google","ChIJm38cedxRby4RkDv6esukWJU","PENDING"
"Jurassic Island ( Tasikmalaya)",-7.331300499999999,108.2193178,"umkm","AGUNG CELLULAR, Jl. HZ. Mustofa No.126 Lantai 3, Yudanagara, Kec. Cihideung, Kab. Tasikmalaya, Jawa Barat 46121, Indonesia","Jawa Barat 46121","Kab. Tasikmalaya",4.7,32,7,0,20,1,20,"Mushola Al-Amin; Masjid Jam'i AL HIDAYAH; Masjid At-Taqwa Dadaha","LAOBAN TASIKMALAYA by UNCLE OSH T; SAUNG TONCOM & KOPI MAQHA; Tiga_Macan","PUSAT BORDIR TASIKMALAYA","google","ChIJy06Mr0ZXby4R-GWYV40dGrA","PENDING"
"Monumen Pahlawan Nasional K.H.Z Musthafa Sukamanah",-7.343252599999999,108.1969448,"umkm","M54W+MQW, Mangkubumi, Tasikmalaya Regency, West Java 46181, Indonesia","West Java 46181","Tasikmalaya Regency",4.5,1728,2,0,6,0,20,"Masjid Nurul Iman; Mesjid Al-Amaliah","Warung Nasi Teh Yeyet; Nasi to babeh Cikurubuk; Warung Nasi Bruk Brak","","google","ChIJ3Uvo_RtXby4ReqHSKqJpZfI","PENDING"
"Komplek Olah Raga Dadaha",-7.3369359,108.2223373,"tourist_attraction","Jl. Lingkar Dadaha No.24, Nagarawangi, Kec. Cihideung, Kab. Tasikmalaya, Jawa Barat 46124, Indonesia","Jawa Barat 46124","Kab. Tasikmalaya",4.5,10,9,3,20,1,20,"Mushola Al-Amin; Mesjid Al Musyawaroh; Jami Masjid AT-Taqwa RW 17 Cikalang Girang","LAOBAN TASIKMALAYA by UNCLE OSH T; SAUNG TONCOM & KOPI MAQHA; Tiga_Macan","PUSAT BORDIR TASIKMALAYA","google","ChIJUVm_MppXby4RN_CK6JlmNFQ","PENDING"
"@Amazingtasikmalaya",-7.333964999999999,108.219781,"umkm","Jl. Tentara Pelajar No.12C, Yudanagara, Kec. Cihideung, Kab. Tasikmalaya, Jawa Barat 46113, Indonesia","Jawa Barat 46113","Kab. Tasikmalaya",0,0,7,2,20,1,20,"Mushola Al-Amin; Masjid Jam'i AL HIDAYAH; Mesjid Al Musyawaroh","LAOBAN TASIKMALAYA by UNCLE OSH T; SAUNG TONCOM & KOPI MAQHA; Tiga_Macan","PUSAT BORDIR TASIKMALAYA","google","ChIJP7HXYkFXby4RJJ-KNaEAwH0","PENDING"
"Swimming Pool Aboh",-7.3152159,108.1937195,"umkm","M5MV+WF9, Jl. Sukamulya, Sukamulya, Kec. Bungursari, Kab. Tasikmalaya, Jawa Barat 46151, Indonesia","Jawa Barat 46151","Kab. Tasikmalaya",4.2,1029,3,4,3,0,20,"Mushola SPBU Rancabango; Masjid Baitul Jannah; Mesjid Fatimah","D'NOXIS FOOD COURT; SOTO KHAS BETAWI IBU SITI; RM Padang Roda Baru 36","","google","ChIJ4w5U-NRQby4RiC6kkX3H3RU","PENDING"
"Kolam Renang Grand Mayasari Estate",-7.3432208,108.2225224,"umkm","M64F+P26, Jl. BKR, Kahuripan, Kec. Tawang, Kab. Tasikmalaya, Jawa Barat 46115, Indonesia","Jawa Barat 46115","Kab. Tasikmalaya",4.3,22,11,3,16,0,20,"Mesjid Al Musyawaroh; Jami Masjid AT-Taqwa RW 17 Cikalang Girang; Mushola Al-Pablo","SAUNG TONCOM & KOPI MAQHA; Bakmie Viral; Matbakhi Arabian Food Tasikmalaya","","google","ChIJSwnRo9NXby4RNkVhqksDJ8s","PENDING"
"Hidden gem",-7.330456499999999,108.2095475,"umkm","Jl. Riung Asih, Tuguraja, Kec. Cihideung, Kab. Tasikmalaya, Jawa Barat 46123, Indonesia","Jawa Barat 46123","Kab. Tasikmalaya",5,5,5,1,19,1,20,"Mushola dan WC Umum; MASJID JAMI JAMI'ATUL KHOIR; Masjid jami AL-BAROKAH","LAOBAN TASIKMALAYA by UNCLE OSH T; SAUNG TONCOM & KOPI MAQHA; Tiga_Macan","PUSAT BORDIR TASIKMALAYA","google","ChIJR-0AC8FXby4RGbeW6zx4ZbY","PENDING"
"Kampung Lorong Merah Putih (Kp. Cibahong)",-7.3856001,108.1581504,"tourist_attraction","J575+Q72, Cipawedal, Suka Menak, Kec. Sukarame, Kabupaten Tasikmalaya, Jawa Barat 46461, Indonesia","Jawa Barat 46461","Kabupaten Tasikmalaya",4.8,22,2,0,0,0,10,"Masjid Ummi Salamah; Mesjid Baiturrohman","","","google","ChIJwalAZgBXby4RsS50ATIJk9I","PENDING"
"Curug Putih",-7.237865599999999,108.1025953,"tourist_attraction","Q463+V25, Sukamukti, Cisayong, Tasikmalaya Regency, West Java 46153, Indonesia","West Java 46153","Tasikmalaya Regency",4.4,66,0,0,0,0,2,"","","","google","ChIJJ36RtYlNby4RTgEuw40zYHo","PENDING"
"Curug Cimanintin",-7.500337600000001,108.326814,"tourist_attraction","F8XG+VP8, Tanjungsari, Salopa, Tasikmalaya Regency, West Java 46192, Indonesia","West Java 46192","Tasikmalaya Regency",4.5,232,1,0,0,0,0,"Mushola as syakirin","","","google","ChIJk4Ah02DxZS4Rw1qR1kbK0BM","PENDING"
"ELITA SWIMMING POOL",-7.3917406,108.1676162,"tourist_attraction","Cipawedal, Suka Menak, Kec. Sukarame, Kab. Tasikmalaya, Jawa Barat 46461, Indonesia","Jawa Barat 46461","Kab. Tasikmalaya",4.4,150,0,1,0,0,6,"","","","google","ChIJEUFLustXby4RAy9xZsNeMhQ","PENDING"
"Puncak Pelita",-7.1933509,108.107009,"tourist_attraction","sukamaju, Kertamukti, Kec. Ciawi, Kabupaten Tasikmalaya, Jawa Barat 46156, Indonesia","Jawa Barat 46156","Kabupaten Tasikmalaya",4.4,326,0,0,0,0,0,"","","","google","ChIJAeIpElJMby4Rfh7xeU4zdyg","PENDING"
"Pangangonan Hill",-7.4451173,108.3865568,"tourist_attraction","Dusun. Pacargantung, RT./rw/RW.02/01, Karangjaya, Kec. Karangjaya, Kabupaten Tasikmalaya, Jawa Barat 46199, Indonesia","Jawa Barat 46199","Kabupaten Tasikmalaya",4.7,206,0,0,0,0,0,"","","","google","ChIJnSSPM1v1ZS4RlW1yVvWJc8M","PENDING"
"Wisata Jeep Galunggung",-7.269945099999999,108.0980555,"tourist_attraction","Linggajati, Sukaratu, Tasikmalaya Regency, West Java 46415, Indonesia","West Java 46415","Tasikmalaya Regency",5,28,0,0,0,0,2,"","","","google","ChIJd9uCIABTby4RTETzMS9YfGU","PENDING"
"Icon Taraju",-7.4628032,107.980569,"tourist_attraction","Kebun Desa, Taraju, Kec. Taraju, Kabupaten Tasikmalaya, Jawa Barat 46474, Indonesia","Jawa Barat 46474","Kabupaten Tasikmalaya",4.6,263,1,1,0,0,1,"Mushola Manarul Huda Ciparada","","","google","ChIJO9_Iz9sBZi4R5TA12htRToo","PENDING"
"Taman Cigeureung",-7.3063465,108.2174636,"tourist_attraction","Taman, Jl. Cigeureung, Nagarasari, Kec. Cipedes, Kab. Tasikmalaya, Jawa Barat 46132, Indonesia","Jawa Barat 46132","Kab. Tasikmalaya",4.4,109,0,1,3,1,20,"","PISANG PASIR ENDES (PISPAS ENDES); Sambel Pecel Pele; Bubur Ayam Plat Z","PUSAT BORDIR TASIKMALAYA","google","ChIJ8-F9f7tQby4RUH-6dZr41Yw","PENDING"
"Situ Cilangla",-7.4611261,107.991804,"tourist_attraction","GXQR+GPV, Desa, Raksasari, Kec. Taraju, Kabupaten Tasikmalaya, Jawa Barat 46474, Indonesia","Jawa Barat 46474","Kabupaten Tasikmalaya",4.3,15,0,0,0,0,1,"","","","google","ChIJn8Q-zYwBZi4RDOGc0To5xVE","PENDING"
"Arjuna Waterfall",-7.235701,108.1095303,"tourist_attraction","Q475+GM6, Sukamukti, Cisayong, Tasikmalaya Regency, West Java 46153, Indonesia","West Java 46153","Tasikmalaya Regency",4.9,11,0,0,0,0,2,"","","","google","ChIJBQe3CShNby4Rg7mQXvsg-mQ","PENDING"
"Galunggung Tunnel",-7.262211600000001,108.0790584,"tourist_attraction","P3QH+4J7, Jl. Ke Kawah, Linggajati, Kec. Sukaratu, Kabupaten Tasikmalaya, Jawa Barat 46415, Indonesia","Jawa Barat 46415","Kabupaten Tasikmalaya",4.6,116,1,0,0,0,1,"Mushola Kawah Galunggung","","","google","ChIJbSyz_OxTby4Rr67jxxikSsE","PENDING"
"Tujuan Wisata Di Tasikmalaya / Wisata Sejarah Tasikmalaya/ Walking Tour Di Tasikmalaya",-7.3275007,108.2144304,"tourist_attraction","komplek Mayasari Plaza No.1-4, Argasari, Kec. Cihideung, Kab. Tasikmalaya, Jawa Barat 46122, Indonesia","Jawa Barat 46122","Kab. Tasikmalaya",5,13,4,1,20,1,20,"Masjid Al Mu'min Kalektoran; Masjid Jam'i AL HIDAYAH; Masjid Jami Atta'awun","LAOBAN TASIKMALAYA by UNCLE OSH T; Tiga_Macan; Kenyang Culinary Tasikmalaya","PUSAT BORDIR TASIKMALAYA","google","ChIJP_cowwbjlYsRi3WxzaSzpIQ","PENDING"
"Eduwisata Tasikmalaya",-7.3660983,108.2526765,"tourist_attraction","Jl. Bandung Jl. Perum Kotabaru No.144, Kotabaru, Kec. Cibeureum, Kab. Tasikmalaya, Jawa Barat 46196, Indonesia","Jawa Barat 46196","Kab. Tasikmalaya",5,2,0,0,2,1,20,"","keluarga besar IS HARISMAN; Warung Nasi Bronco","Galeri Pusat Kerajinan Khas Tasikmalaya","google","ChIJB1ln68JZby4RPDxF18e50Ww","PENDING"
"Objek wisata cokmus/tempat arum jeram",-7.4258116,108.1858728,"tourist_attraction","Jl. Air Tanjung, Leuwiliang, Kec. Kawalu, Kab. Tasikmalaya, Jawa Barat 46182, Indonesia","Jawa Barat 46182","Kab. Tasikmalaya",4.7,3,1,0,0,0,0,"Mesjid Kaler","","","google","ChIJvSxuDWVXby4RaMTFEnXAhxQ","PENDING"
"Trans studio mini Tasikmalaya",-7.317599299999999,108.1991634,"tourist_attraction","Transmall Tasikmalaya, Jl. Ir. H. Juanda No.18 3rd Floor, Sukamulya, Kec. Bungursari, Kab. Tasikmalaya, Jawa Barat 46151, Indonesia","Jawa Barat 46151","Kab. Tasikmalaya",4.2,44,5,5,3,1,20,"Mushola SPBU Rancabango; Masjid Al Mustofa; Masjid As Sanusi","D'NOXIS FOOD COURT; RM Padang Roda Baru 36; SOTO KHAS BETAWI IBU SITI","PUSAT BORDIR TASIKMALAYA","google","ChIJu54C6_tXby4Rvympzi3cERg","PENDING"
"Monumen Pesawat Taman Kota Tasikmalaya",-7.3264946,108.2209114,"tourist_attraction","M6FC+96W, Yudanagara, Cihideung, Tasikmalaya Regency, West Java 46121, Indonesia","West Java 46121","Tasikmalaya Regency",4.7,11,7,2,20,1,20,"Mushola Al-Amin; Masjid Al Mu'min Kalektoran; Masjid Jam'i AL HIDAYAH","LAOBAN TASIKMALAYA by UNCLE OSH T; Tiga_Macan; Kenyang Culinary Tasikmalaya","PUSAT BORDIR TASIKMALAYA","google","ChIJZfb9pjRXby4RkcF7XDI7cFc","PENDING"
"Curug Gedus",-7.5421608,108.073243,"tourist_attraction","Sepatnunggal, Sodonghilir, Tasikmalaya Regency, West Java 46473, Indonesia","West Java 46473","Tasikmalaya Regency",4.4,261,0,0,0,0,0,"","","","google","ChIJ96ON5xL9ZS4Rupl6KjXsTy0","PENDING"
"Curug cipinaha",-7.457835299999998,108.3173478,"tourist_attraction","G8R9+Q3, Malatisuka, Gunungtanjung, Tasikmalaya Regency, West Java 46168, Indonesia","West Java 46168","Tasikmalaya Regency",4.6,23,1,0,0,0,0,"Mushola arrohman","","","google","ChIJD15uMgD3ZS4RCAeEi-9cgFI","PENDING"
"Curug Tonjong",-7.430816,108.2362264,"tourist_attraction","H69P+MFH, Setiawangi, Jatiwaras, Tasikmalaya Regency, West Java 46196, Indonesia","West Java 46196","Tasikmalaya Regency",3.7,77,0,0,0,0,0,"","","","google","ChIJE3mqJ5D3ZS4RqR54Dq3-PoE","PENDING"
"Taman wisata curug cikoja",-7.6437637,108.2478153,"tourist_attraction","Citamiang, Cikatomas, Linggalaksana, Kec. Cikatomas, Kabupaten Tasikmalaya, Jawa Barat 46193, Indonesia","Jawa Barat 46193","Kabupaten Tasikmalaya",4.3,144,0,0,0,0,0,"","","","google","ChIJcwAAAFTvZS4RecdJUytqTQw","PENDING"
"Curug Cinunjang",-7.550303899999999,108.2046799,"tourist_attraction","Kp. Cinunjang, C6X3+VVF, Desa, Mandalamekar, Kec. Jatiwaras, Kabupaten Tasikmalaya, Jawa Barat 46185, Indonesia","Jawa Barat 46185","Kabupaten Tasikmalaya",4.6,12,1,0,0,0,0,"Musholla Cikirai","","","google","ChIJO83e6kX7ZS4RRqbnTxaLaPQ","PENDING"
"Curug Ciwatin",-7.640735100000001,108.2343549,"tourist_attraction","Linggalaksana, Cikatomas, Tasikmalaya Regency, West Java 46193, Indonesia","West Java 46193","Tasikmalaya Regency",4.3,123,0,0,0,0,0,"","","","google","ChIJHdnV2vjlZS4RyQgBqW5KGn4","PENDING"
"Curug Sawer",-7.554599299999999,108.2194607,"tourist_attraction","Mandalamekar, Jatiwaras, Tasikmalaya Regency, West Java 46185, Indonesia","West Java 46185","Tasikmalaya Regency",4.4,257,0,0,0,0,0,"","","","google","ChIJB-KO_bn6ZS4R0ZbroHHG7TU","PENDING"
"Curug Teduh",-7.342652399999999,108.2972336,"umkm","Pasir Jambu, Kamulyan, Kec, Singkup, Kec. Manonjaya, Kab. Tasikmalaya, Jawa Barat 46197, Indonesia","Jawa Barat 46197","Kab. Tasikmalaya",4.4,47,3,1,1,0,4,"Musholah Miftahul Khoer; Masjid Al-Ikhlas; Mesjid Nurunnajah","Bajigur bandrek sinar fajar","","google","ChIJ32mVCHRZby4RBOuOMxPxlpI","PENDING"
"Curug Meber",-7.2836852,108.0400557,"tourist_attraction","Sukaharja, Sariwangi, Tasikmalaya Regency, West Java 46465, Indonesia","West Java 46465","Tasikmalaya Regency",4.4,21,0,0,0,0,0,"","","","google","ChIJLwF1OdasaC4R0rlVJtx82Y8","PENDING"
"Curug pariuk",-7.7349674,108.2584764,"tourist_attraction","7785+299, Kubangsari, Pancatengah, Tasikmalaya Regency, West Java 46195, Indonesia","West Java 46195","Tasikmalaya Regency",4.9,24,0,0,0,0,0,"","","","google","ChIJn0g16h_DZS4Rxkl9WQXTVss","PENDING"
"Curug hareeuss",-7.428119499999999,108.2131175,"tourist_attraction","Urug, Kawalu, Tasikmalaya Regency, West Java 46182, Indonesia","West Java 46182","Tasikmalaya Regency",4.7,3,0,0,0,0,0,"","","","google","ChIJ080D0-v5ZS4RFfu-GWSTZL4","PENDING"
"Wisata Curug Candung",-7.2866234,107.9520782,"tourist_attraction","PX72+9R4, Sirnagalih, Cigalontang, Tasikmalaya Regency, West Java 46463, Indonesia","West Java 46463","Tasikmalaya Regency",4.5,75,0,1,0,0,0,"","","","google","ChIJZZL52yKvaC4Ryz1F6j0KFAU","PENDING"
"Curug Cimedang",-7.293417,108.0504777,"umkm","P342+J5Q, Sukaharja, Sariwangi, Tasikmalaya Regency, West Java 46465, Indonesia","West Java 46465","Tasikmalaya Regency",4.5,94,0,0,0,0,0,"","","","google","ChIJp7RwOyJTby4RIihu_MyQtZU","PENDING"
"Wisata Curug Ciherang",-7.218147000000001,108.1016952,"tourist_attraction","Q4J2+PMW, Sukamukti, Cisayong, Tasikmalaya Regency, West Java 46153, Indonesia","West Java 46153","Tasikmalaya Regency",4.6,30,1,0,0,0,1,"Mushola An Nur","","","google","ChIJK3PSfDFNby4Rpd8oI5jActQ","PENDING"
"Curug Catang",-7.2181244,108.1011075,"tourist_attraction","Unnamed Road, Q4J2+QC5, Sukamukti, Kec. Cisayong, Kabupaten Tasikmalaya, Jawa Barat 46153, Indonesia","Jawa Barat 46153","Kabupaten Tasikmalaya",4.6,59,1,0,0,0,1,"Mushola An Nur","","","google","ChIJfdn4tURNby4RHqLNsWaTreY","PENDING"
"Curug Rahong",-7.4565871,108.1459441,"tourist_attraction","G4VW+998, Mekarjaya, Sukaraja, Tasikmalaya Regency, West Java 46183, Indonesia","West Java 46183","Tasikmalaya Regency",4.3,20,0,0,0,0,0,"","","","google","ChIJI-gNVTL5ZS4R9muUzwNAIcc","PENDING"
"Curug Cibakom",-7.6429366,108.2452618,"tourist_attraction","964W+R4C, Linggalaksana, Cikatomas, Tasikmalaya Regency, West Java 46193, Indonesia","West Java 46193","Tasikmalaya Regency",4.3,18,0,0,0,0,0,"","","","google","ChIJPVhrwFPvZS4R2RU_8iPqgww","PENDING"
"Curug Bunar",-7.062659699999999,108.1318526,"tourist_attraction","W4PJ+WPQ, Sukapada, Pagerageung, Tasikmalaya Regency, West Java 46158, Indonesia","West Java 46158","Tasikmalaya Regency",4.7,106,0,0,0,0,2,"","","","google","ChIJkSvZ1INJby4RDYRaa-z4L5g","PENDING"
"curug cinila",-7.282690799999999,108.0396574,"tourist_attraction","Cingaloma, P28Q+WVF, Cigalontang, Sukaharja, Kec. Sariwangi, Kabupaten Tasikmalaya, Jawa Barat 46465, Indonesia","Jawa Barat 46465","Kabupaten Tasikmalaya",4.2,10,0,0,0,0,0,"","","","google","ChIJWcnPO9asaC4RTBPzaG_cXXU","PENDING"
"Curug cibunut",-7.41301,108.1898989,"tourist_attraction","H5PQ+QXR, Kp babakan karamat, Leuwiliang, Kec. Kawalu, Kab. Tasikmalaya, Jawa Barat 46182, Indonesia","Jawa Barat 46182","Kab. Tasikmalaya",5,1,0,0,0,0,1,"","","","google","ChIJ3Th-MgD5ZS4RKRI3slg8TQk","PENDING"